,src,trg,weight
0,0,2,6
1,0,4,10
2,0,5,3
3,0,10,3
4,0,12,6
5,0,13,7
6,0,15,5
7,0,16,4
8,0,17,4
9,0,18,4
10,0,19,8
11,0,23,5
12,0,24,7
13,0,25,3
14,0,26,4
15,0,27,5
16,0,28,6
17,0,29,6
18,0,32,5
19,0,33,5
20,0,34,5
21,0,36,7
22,0,37,5
23,0,39,5
24,0,41,4
25,0,43,5
26,0,44,4
27,0,45,3
28,0,46,3
29,0,49,12
30,0,50,4
31,0,51,8
32,0,52,4
33,0,54,3
34,0,55,4
35,1,0,3
36,1,3,4
37,1,4,6
38,1,8,3
39,1,9,5
40,1,10,5
41,1,12,3
42,1,13,3
43,1,14,3
44,1,15,4
45,1,16,5
46,1,17,3
47,1,18,4
48,1,21,7
49,1,23,5
50,1,24,4
51,1,27,6
52,1,28,8
53,1,31,5
54,1,34,5
55,1,35,5
56,1,37,4
57,1,38,4
58,1,42,3
59,1,43,3
60,1,44,7
61,1,46,3
62,1,47,5
63,1,48,3
64,1,49,5
65,1,51,5
66,1,52,4
67,1,54,5
68,1,55,4
69,2,0,3
70,2,1,5
71,2,4,3
72,2,6,3
73,2,9,3
74,2,10,5
75,2,12,6
76,2,13,3
77,2,14,4
78,2,15,3
79,2,16,5
80,2,18,3
81,2,23,7
82,2,24,3
83,2,25,5
84,2,28,4
85,2,31,3
86,2,33,4
87,2,37,6
88,2,39,3
89,2,40,5
90,2,41,5
91,2,42,3
92,2,46,3
93,2,47,3
94,2,48,6
95,2,49,6
96,2,51,8
97,2,55,5
98,3,4,5
99,3,5,5
100,3,7,3
101,3,8,5
102,3,9,3
103,3,10,3
104,3,13,3
105,3,16,7
106,3,18,7
107,3,23,3
108,3,24,3
109,3,29,5
110,3,30,4
111,3,31,3
112,3,36,4
113,3,39,4
114,3,44,3
115,3,48,5
116,3,51,3
117,3,54,5
118,4,0,5
119,4,2,3
120,4,5,4
121,4,6,4
122,4,7,6
123,4,8,3
124,4,9,3
125,4,10,3
126,4,12,3
127,4,13,3
128,4,14,5
129,4,17,5
130,4,18,4
131,4,20,3
132,4,22,8
133,4,23,5
134,4,24,8
135,4,25,6
136,4,27,5
137,4,28,3
138,4,30,3
139,4,31,5
140,4,32,5
141,4,33,8
142,4,36,4
143,4,37,4
144,4,39,3
145,4,40,7
146,4,41,6
147,4,43,3
148,4,46,3
149,4,47,3
150,4,48,6
151,4,49,3
152,4,51,6
153,4,55,3
154,5,6,3
155,5,9,4
156,5,10,3
157,5,12,3
158,5,15,6
159,5,17,4
160,5,18,6
161,5,20,3
162,5,23,10
163,5,24,6
164,5,25,3
165,5,28,3
166,5,31,4
167,5,33,7
168,5,34,3
169,5,36,3
170,5,38,3
171,5,42,3
172,5,49,5
173,5,51,3
174,5,52,3
175,5,53,3
176,5,55,3
177,6,0,3
178,6,1,4
179,6,2,3
180,6,4,3
181,6,5,5
182,6,8,30
183,6,9,5
184,6,10,5
185,6,11,3
186,6,12,6
187,6,14,3
188,6,15,5
189,6,16,3
190,6,17,5
191,6,18,5
192,6,19,3
193,6,20,3
194,6,21,19
195,6,22,5
196,6,23,8
197,6,24,6
198,6,25,7
199,6,26,5
200,6,27,3
201,6,28,4
202,6,29,6
203,6,30,5
204,6,31,7
205,6,32,3
206,6,33,3
207,6,37,3
208,6,38,6
209,6,39,3
210,6,40,4
211,6,41,7
212,6,42,18
213,6,43,3
214,6,44,4
215,6,45,7
216,6,48,3
217,6,49,4
218,6,51,11
219,6,52,6
220,6,53,6
221,6,54,5
222,6,61,3
223,6,74,5
224,6,98,4
225,7,0,6
226,7,1,3
227,7,3,4
228,7,4,5
229,7,8,6
230,7,9,5
231,7,10,5
232,7,12,8
233,7,13,6
234,7,14,6
235,7,15,8
236,7,16,12
237,7,17,3
238,7,18,8
239,7,19,3
240,7,20,3
241,7,21,4
242,7,22,3
243,7,23,13
244,7,24,3
245,7,25,7
246,7,26,5
247,7,27,5
248,7,28,7
249,7,30,13
250,7,31,6
251,7,33,8
252,7,34,6
253,7,36,5
254,7,37,4
255,7,38,4
256,7,39,29
257,7,41,6
258,7,43,3
259,7,44,3
260,7,45,5
261,7,46,3
262,7,47,4
263,7,48,5
264,7,49,35
265,7,51,8
266,7,53,5
267,7,54,5
268,7,55,4
269,7,74,3
270,8,1,3
271,8,3,3
272,8,4,7
273,8,9,3
274,8,12,3
275,8,15,4
276,8,18,5
277,8,23,4
278,8,25,4
279,8,26,5
280,8,28,3
281,8,31,4
282,8,32,3
283,8,33,9
284,8,34,4
285,8,38,4
286,8,39,5
287,8,41,3
288,8,49,3
289,8,51,3
290,8,81,3
291,9,4,4
292,9,5,3
293,9,8,3
294,9,12,4
295,9,16,4
296,9,18,3
297,9,19,3
298,9,23,8
299,9,28,4
300,9,29,7
301,9,31,7
302,9,35,3
303,9,39,8
304,9,41,6
305,9,44,4
306,9,46,3
307,9,51,3
308,9,53,5
309,10,6,5
310,10,7,3
311,10,8,5
312,10,11,4
313,10,13,3
314,10,16,3
315,10,17,4
316,10,18,3
317,10,19,3
318,10,20,4
319,10,21,4
320,10,23,3
321,10,24,3
322,10,27,3
323,10,28,4
324,10,29,3
325,10,31,4
326,10,33,4
327,10,36,3
328,10,37,3
329,10,41,3
330,10,46,3
331,10,47,3
332,10,49,6
333,10,51,5
334,10,52,4
335,11,2,5
336,11,3,3
337,11,4,5
338,11,5,6
339,11,6,4
340,11,10,3
341,11,12,3
342,11,15,3
343,11,16,9
344,11,18,7
345,11,20,7
346,11,21,3
347,11,23,7
348,11,25,4
349,11,26,3
350,11,28,3
351,11,29,4
352,11,30,3
353,11,31,3
354,11,33,6
355,11,34,3
356,11,36,3
357,11,39,4
358,11,45,4
359,11,46,5
360,11,47,3
361,11,49,4
362,11,50,4
363,11,51,3
364,11,52,3
365,11,53,4
366,11,54,4
367,12,0,4
368,12,2,3
369,12,4,11
370,12,5,7
371,12,6,3
372,12,7,3
373,12,8,7
374,12,9,7
375,12,10,3
376,12,13,4
377,12,14,4
378,12,16,7
379,12,17,6
380,12,18,5
381,12,19,5
382,12,20,3
383,12,21,4
384,12,23,3
385,12,24,7
386,12,25,5
387,12,28,13
388,12,30,3
389,12,31,7
390,12,32,4
391,12,33,3
392,12,34,3
393,12,35,4
394,12,37,4
395,12,40,3
396,12,42,3
397,12,43,5
398,12,44,3
399,12,45,7
400,12,47,3
401,12,48,4
402,12,49,8
403,12,51,4
404,12,52,3
405,12,53,4
406,12,55,3
407,12,80,3
408,12,98,3
409,13,6,4
410,13,8,3
411,13,9,5
412,13,12,4
413,13,14,4
414,13,17,9
415,13,18,3
416,13,19,4
417,13,20,3
418,13,23,5
419,13,24,3
420,13,27,3
421,13,29,3
422,13,31,3
423,13,40,5
424,13,43,6
425,13,44,3
426,13,45,3
427,13,49,3
428,13,54,3
429,14,5,8
430,14,7,4
431,14,8,4
432,14,9,7
433,14,10,3
434,14,13,5
435,14,15,6
436,14,16,7
437,14,18,4
438,14,20,4
439,14,21,3
440,14,22,5
441,14,23,5
442,14,24,3
443,14,26,3
444,14,27,4
445,14,28,6
446,14,29,7
447,14,31,6
448,14,33,3
449,14,34,4
450,14,37,5
451,14,39,7
452,14,40,3
453,14,41,4
454,14,45,4
455,14,46,6
456,14,47,4
457,14,48,3
458,14,49,5
459,14,50,5
460,14,51,10
461,14,55,6
462,14,80,3
463,15,0,3
464,15,2,6
465,15,5,3
466,15,6,3
467,15,7,5
468,15,9,5
469,15,10,4
470,15,16,6
471,15,17,3
472,15,18,8
473,15,20,3
474,15,23,3
475,15,24,6
476,15,25,3
477,15,28,4
478,15,30,3
479,15,32,3
480,15,33,5
481,15,39,4
482,15,41,5
483,15,43,6
484,15,44,7
485,15,45,3
486,15,49,8
487,15,53,4
488,15,55,3
489,16,1,4
490,16,5,3
491,16,8,7
492,16,9,6
493,16,10,7
494,16,11,5
495,16,12,6
496,16,13,8
497,16,14,3
498,16,15,3
499,16,18,13
500,16,19,6
501,16,21,3
502,16,22,3
503,16,23,6
504,16,24,29
505,16,26,7
506,16,27,4
507,16,28,6
508,16,29,5
509,16,31,5
510,16,32,3
511,16,35,4
512,16,36,3
513,16,37,3
514,16,38,4
515,16,39,8
516,16,40,4
517,16,41,8
518,16,42,6
519,16,43,3
520,16,44,6
521,16,45,6
522,16,47,7
523,16,48,3
524,16,49,6
525,16,51,37
526,16,53,6
527,16,54,5
528,16,55,20
529,16,98,3
530,17,3,3
531,17,5,3
532,17,8,20
533,17,10,5
534,17,11,4
535,17,14,3
536,17,15,4
537,17,20,3
538,17,21,15
539,17,25,3
540,17,26,5
541,17,27,3
542,17,28,5
543,17,31,6
544,17,32,3
545,17,33,5
546,17,34,3
547,17,37,3
548,17,42,7
549,17,43,6
550,17,44,4
551,17,47,5
552,17,48,3
553,17,50,3
554,17,51,3
555,17,55,4
556,18,11,3
557,18,13,4
558,18,17,4
559,18,20,3
560,18,21,5
561,18,23,5
562,18,24,3
563,18,28,3
564,18,31,3
565,18,33,6
566,18,34,3
567,18,35,3
568,18,39,6
569,18,46,3
570,18,47,4
571,18,51,4
572,18,67,3
573,18,83,3
574,19,5,3
575,19,7,3
576,19,8,5
577,19,9,4
578,19,12,4
579,19,13,4
580,19,15,4
581,19,16,3
582,19,18,5
583,19,21,5
584,19,22,3
585,19,23,9
586,19,25,4
587,19,28,4
588,19,29,7
589,19,31,4
590,19,33,3
591,19,34,4
592,19,35,4
593,19,36,3
594,19,40,3
595,19,41,5
596,19,44,4
597,19,45,5
598,20,0,5
599,20,1,5
600,20,2,3
601,20,4,7
602,20,9,5
603,20,12,5
604,20,14,5
605,20,16,4
606,20,18,5
607,20,19,8
608,20,22,3
609,20,23,5
610,20,24,4
611,20,26,5
612,20,28,3
613,20,29,4
614,20,30,10
615,20,31,5
616,20,33,7
617,20,34,4
618,20,35,7
619,20,36,4
620,20,37,7
621,20,38,3
622,20,39,30
623,20,40,6
624,20,41,3
625,20,42,3
626,20,45,4
627,20,48,6
628,20,49,22
629,20,50,6
630,20,51,8
631,20,53,3
632,20,54,4
633,20,67,3
634,21,0,6
635,21,4,4
636,21,5,3
637,21,6,3
638,21,9,3
639,21,14,3
640,21,16,4
641,21,18,3
642,21,23,5
643,21,24,4
644,21,25,4
645,21,30,3
646,21,31,7
647,21,33,5
648,21,36,3
649,21,37,3
650,21,40,5
651,21,41,3
652,21,43,3
653,21,46,4
654,21,47,3
655,21,49,3
656,21,50,3
657,21,51,5
658,22,0,4
659,22,1,6
660,22,2,9
661,22,3,7
662,22,4,20
663,22,5,8
664,22,6,9
665,22,7,10
666,22,8,17
667,22,9,9
668,22,10,9
669,22,11,9
670,22,12,8
671,22,13,15
672,22,14,9
673,22,15,7
674,22,16,8
675,22,17,10
676,22,18,21
677,22,19,11
678,22,20,3
679,22,21,9
680,22,23,14
681,22,24,17
682,22,25,8
683,22,26,12
684,22,27,10
685,22,28,14
686,22,29,12
687,22,30,9
688,22,31,11
689,22,32,4
690,22,33,23
691,22,34,11
692,22,35,9
693,22,36,7
694,22,37,11
695,22,38,9
696,22,39,12
697,22,40,11
698,22,41,9
699,22,42,9
700,22,43,9
701,22,44,10
702,22,45,6
703,22,46,9
704,22,47,4
705,22,48,9
706,22,49,17
707,22,50,7
708,22,51,10
709,22,52,9
710,22,53,9
711,22,54,8
712,22,55,4
713,22,60,3
714,22,93,4
715,22,98,3
716,23,0,3
717,23,7,3
718,23,10,5
719,23,14,4
720,23,16,4
721,23,18,4
722,23,19,3
723,23,20,3
724,23,24,5
725,23,25,4
726,23,26,8
727,23,27,4
728,23,29,5
729,23,31,3
730,23,33,4
731,23,36,5
732,23,40,5
733,23,41,3
734,23,47,3
735,23,49,3
736,23,51,4
737,23,55,3
738,24,15,3
739,24,16,4
740,24,17,3
741,24,18,8
742,24,19,5
743,24,23,4
744,24,26,3
745,24,27,6
746,24,28,4
747,24,29,3
748,24,31,4
749,24,34,3
750,24,38,3
751,24,39,5
752,24,41,6
753,24,42,3
754,24,44,6
755,24,47,4
756,24,51,5
757,25,0,3
758,25,6,3
759,25,7,3
760,25,9,6
761,25,10,3
762,25,13,5
763,25,15,5
764,25,16,4
765,25,18,3
766,25,21,4
767,25,22,4
768,25,23,6
769,25,26,5
770,25,27,7
771,25,29,4
772,25,30,3
773,25,31,3
774,25,32,3
775,25,33,4
776,25,37,3
777,25,38,3
778,25,39,5
779,25,40,7
780,25,41,5
781,25,46,3
782,25,47,4
783,25,48,6
784,25,51,6
785,25,53,3
786,25,55,6
787,26,0,6
788,26,1,3
789,26,2,5
790,26,5,5
791,26,6,4
792,26,8,3
793,26,9,5
794,26,10,4
795,26,12,5
796,26,13,5
797,26,14,4
798,26,15,4
799,26,16,7
800,26,17,4
801,26,18,3
802,26,20,5
803,26,21,4
804,26,23,7
805,26,24,3
806,26,28,7
807,26,29,4
808,26,31,6
809,26,32,5
810,26,33,6
811,26,34,3
812,26,36,4
813,26,39,8
814,26,40,3
815,26,41,3
816,26,44,4
817,26,45,3
818,26,47,6
819,26,48,4
820,26,50,3
821,26,51,4
822,26,52,3
823,26,55,3
824,27,3,4
825,27,4,7
826,27,6,5
827,27,8,5
828,27,14,3
829,27,15,3
830,27,18,5
831,27,20,3
832,27,21,5
833,27,23,5
834,27,24,5
835,27,25,3
836,27,28,5
837,27,29,4
838,27,31,4
839,27,33,6
840,27,36,3
841,27,37,5
842,27,39,4
843,27,40,5
844,27,42,4
845,27,48,4
846,27,49,5
847,27,51,5
848,27,53,4
849,27,55,4
850,28,0,5
851,28,1,7
852,28,2,7
853,28,3,8
854,28,4,7
855,28,6,4
856,28,7,4
857,28,8,7
858,28,9,7
859,28,10,3
860,28,13,9
861,28,14,5
862,28,15,8
863,28,16,6
864,28,17,7
865,28,18,15
866,28,19,12
867,28,20,3
868,28,21,7
869,28,22,3
870,28,23,4
871,28,24,28
872,28,25,5
873,28,26,8
874,28,27,3
875,28,29,7
876,28,30,5
877,28,31,4
878,28,32,4
879,28,33,11
880,28,34,8
881,28,35,6
882,28,36,3
883,28,37,6
884,28,39,4
885,28,40,6
886,28,41,3
887,28,42,7
888,28,43,4
889,28,44,3
890,28,45,6
891,28,46,4
892,28,48,6
893,28,49,10
894,28,51,36
895,28,52,4
896,28,53,8
897,28,54,4
898,28,55,23
899,28,67,3
900,29,2,3
901,29,3,3
902,29,4,3
903,29,6,4
904,29,7,6
905,29,14,3
906,29,16,3
907,29,18,5
908,29,19,3
909,29,21,4
910,29,23,3
911,29,25,3
912,29,28,3
913,29,30,3
914,29,33,3
915,29,34,3
916,29,36,3
917,29,40,3
918,29,43,3
919,29,48,3
920,29,49,4
921,29,51,3
922,29,54,3
923,29,55,3
924,29,98,3
925,30,3,3
926,30,4,4
927,30,6,3
928,30,7,4
929,30,8,3
930,30,10,5
931,30,12,4
932,30,15,4
933,30,22,4
934,30,23,4
935,30,24,6
936,30,25,6
937,30,27,3
938,30,31,8
939,30,33,9
940,30,34,4
941,30,36,3
942,30,38,4
943,30,49,5
944,30,50,3
945,30,51,6
946,30,53,4
947,31,3,3
948,31,4,6
949,31,7,4
950,31,8,6
951,31,9,3
952,31,14,3
953,31,15,3
954,31,16,3
955,31,18,7
956,31,21,3
957,31,23,5
958,31,25,3
959,31,26,5
960,31,32,3
961,31,33,6
962,31,34,3
963,31,36,6
964,31,39,3
965,31,41,8
966,31,44,3
967,31,48,3
968,31,51,3
969,31,52,4
970,31,53,3
971,31,55,4
972,32,0,5
973,32,2,3
974,32,4,9
975,32,5,4
976,32,6,6
977,32,9,5
978,32,10,3
979,32,13,6
980,32,14,3
981,32,15,10
982,32,16,10
983,32,18,4
984,32,19,3
985,32,21,4
986,32,22,5
987,32,23,3
988,32,24,11
989,32,27,3
990,32,28,4
991,32,29,3
992,32,33,6
993,32,34,3
994,32,35,4
995,32,37,4
996,32,38,6
997,32,39,5
998,32,40,3
999,32,42,5
1000,32,44,3
1001,32,45,8
1002,32,47,5
1003,32,49,6
1004,32,50,5
1005,32,51,6
1006,32,54,7
1007,32,55,4
1008,32,59,4
1009,32,86,3
1010,32,98,4
1011,33,3,3
1012,33,4,4
1013,33,5,6
1014,33,12,3
1015,33,13,3
1016,33,23,5
1017,33,39,3
1018,33,49,5
1019,33,50,3
1020,33,52,4
1021,33,54,3
1022,33,80,4
1023,34,0,3
1024,34,3,5
1025,34,4,4
1026,34,7,4
1027,34,9,4
1028,34,12,3
1029,34,14,3
1030,34,16,6
1031,34,22,3
1032,34,23,4
1033,34,24,3
1034,34,28,3
1035,34,31,6
1036,34,33,5
1037,34,35,3
1038,34,36,4
1039,34,37,3
1040,34,39,10
1041,34,40,4
1042,34,48,5
1043,34,49,4
1044,34,53,5
1045,35,0,3
1046,35,2,3
1047,35,3,3
1048,35,7,3
1049,35,9,3
1050,35,12,3
1051,35,16,5
1052,35,18,5
1053,35,19,3
1054,35,21,5
1055,35,23,3
1056,35,24,4
1057,35,25,3
1058,35,26,4
1059,35,27,7
1060,35,28,5
1061,35,29,4
1062,35,30,5
1063,35,33,7
1064,35,34,3
1065,35,39,5
1066,35,42,3
1067,35,43,4
1068,35,45,4
1069,35,46,3
1070,35,47,3
1071,35,49,3
1072,35,51,8
1073,35,53,3
1074,36,0,3
1075,36,1,3
1076,36,3,3
1077,36,4,3
1078,36,5,3
1079,36,9,5
1080,36,12,4
1081,36,15,3
1082,36,16,5
1083,36,18,6
1084,36,19,7
1085,36,20,3
1086,36,21,3
1087,36,23,3
1088,36,24,4
1089,36,30,4
1090,36,33,5
1091,36,34,4
1092,36,35,3
1093,36,37,3
1094,36,39,5
1095,36,40,7
1096,36,41,5
1097,36,42,4
1098,36,44,3
1099,36,48,3
1100,36,49,3
1101,36,54,4
1102,36,55,3
1103,37,1,3
1104,37,5,3
1105,37,7,6
1106,37,9,4
1107,37,10,3
1108,37,11,4
1109,37,12,4
1110,37,13,5
1111,37,15,3
1112,37,16,3
1113,37,18,6
1114,37,19,3
1115,37,21,5
1116,37,22,6
1117,37,23,10
1118,37,24,4
1119,37,25,5
1120,37,26,4
1121,37,28,3
1122,37,30,3
1123,37,31,4
1124,37,33,6
1125,37,34,4
1126,37,35,3
1127,37,36,7
1128,37,39,3
1129,37,45,3
1130,37,46,4
1131,37,50,4
1132,37,51,7
1133,37,53,3
1134,37,54,4
1135,38,1,4
1136,38,9,4
1137,38,11,5
1138,38,13,3
1139,38,14,3
1140,38,15,3
1141,38,16,4
1142,38,17,4
1143,38,18,4
1144,38,23,4
1145,38,24,5
1146,38,25,4
1147,38,28,4
1148,38,34,3
1149,38,35,3
1150,38,36,4
1151,38,39,6
1152,38,48,3
1153,38,54,3
1154,38,55,4
1155,39,0,6
1156,39,3,3
1157,39,6,4
1158,39,9,4
1159,39,10,3
1160,39,13,4
1161,39,14,4
1162,39,15,5
1163,39,16,3
1164,39,18,4
1165,39,19,3
1166,39,22,6
1167,39,23,5
1168,39,24,5
1169,39,25,5
1170,39,27,9
1171,39,28,4
1172,39,29,4
1173,39,31,6
1174,39,32,5
1175,39,33,6
1176,39,34,4
1177,39,36,3
1178,39,37,6
1179,39,38,4
1180,39,40,5
1181,39,44,3
1182,39,45,3
1183,39,49,6
1184,39,51,7
1185,39,53,3
1186,39,54,3
1187,39,55,4
1188,39,80,4
1189,40,0,4
1190,40,1,5
1191,40,4,6
1192,40,5,3
1193,40,6,4
1194,40,7,3
1195,40,8,3
1196,40,10,3
1197,40,11,3
1198,40,12,3
1199,40,16,5
1200,40,24,3
1201,40,25,3
1202,40,26,5
1203,40,29,5
1204,40,31,6
1205,40,32,3
1206,40,33,4
1207,40,34,4
1208,40,36,4
1209,40,39,4
1210,40,41,5
1211,40,44,4
1212,40,46,4
1213,40,49,4
1214,40,51,3
1215,40,53,3
1216,40,54,3
1217,41,0,3
1218,41,1,4
1219,41,3,3
1220,41,4,4
1221,41,5,5
1222,41,8,3
1223,41,9,3
1224,41,10,3
1225,41,14,3
1226,41,16,3
1227,41,17,4
1228,41,18,7
1229,41,26,4
1230,41,31,3
1231,41,34,5
1232,41,36,4
1233,41,48,5
1234,41,49,4
1235,41,50,4
1236,41,51,4
1237,41,52,5
1238,41,53,3
1239,41,54,5
1240,41,76,4
1241,42,1,3
1242,42,2,4
1243,42,3,4
1244,42,5,3
1245,42,6,4
1246,42,9,3
1247,42,12,3
1248,42,14,6
1249,42,16,3
1250,42,17,3
1251,42,18,4
1252,42,19,4
1253,42,20,4
1254,42,21,3
1255,42,22,5
1256,42,23,5
1257,42,24,3
1258,42,25,5
1259,42,26,3
1260,42,27,4
1261,42,31,5
1262,42,33,9
1263,42,35,3
1264,42,36,6
1265,42,41,3
1266,42,44,6
1267,42,47,8
1268,42,49,3
1269,42,51,3
1270,42,52,3
1271,43,0,4
1272,43,4,4
1273,43,5,4
1274,43,8,5
1275,43,12,3
1276,43,13,5
1277,43,14,3
1278,43,15,6
1279,43,16,8
1280,43,18,3
1281,43,19,6
1282,43,21,5
1283,43,22,3
1284,43,23,12
1285,43,24,7
1286,43,26,3
1287,43,29,4
1288,43,31,8
1289,43,32,3
1290,43,33,8
1291,43,34,4
1292,43,35,4
1293,43,36,8
1294,43,39,5
1295,43,40,7
1296,43,41,8
1297,43,42,4
1298,43,44,5
1299,43,45,5
1300,43,46,7
1301,43,48,3
1302,43,49,4
1303,43,50,4
1304,43,51,8
1305,43,54,6
1306,44,7,4
1307,44,8,4
1308,44,12,4
1309,44,16,3
1310,44,20,3
1311,44,22,3
1312,44,24,4
1313,44,25,4
1314,44,29,3
1315,44,30,5
1316,44,31,4
1317,44,33,5
1318,44,36,3
1319,44,45,4
1320,44,48,3
1321,44,52,3
1322,44,54,3
1323,44,55,3
1324,45,0,3
1325,45,3,3
1326,45,4,6
1327,45,6,4
1328,45,8,3
1329,45,10,6
1330,45,15,3
1331,45,16,3
1332,45,18,5
1333,45,21,3
1334,45,26,3
1335,45,29,4
1336,45,33,6
1337,45,34,3
1338,45,35,4
1339,45,37,3
1340,45,40,4
1341,45,42,4
1342,45,48,3
1343,45,50,4
1344,45,51,4
1345,45,54,3
1346,46,0,5
1347,46,2,4
1348,46,3,4
1349,46,4,3
1350,46,5,5
1351,46,6,7
1352,46,8,3
1353,46,9,6
1354,46,10,3
1355,46,11,5
1356,46,12,4
1357,46,13,5
1358,46,14,6
1359,46,15,4
1360,46,16,3
1361,46,17,6
1362,46,18,8
1363,46,19,3
1364,46,21,3
1365,46,23,7
1366,46,24,7
1367,46,25,3
1368,46,26,4
1369,46,27,5
1370,46,31,6
1371,46,33,8
1372,46,35,5
1373,46,37,4
1374,46,38,5
1375,46,39,4
1376,46,41,11
1377,46,42,4
1378,46,44,5
1379,46,45,10
1380,46,48,8
1381,46,49,6
1382,46,51,7
1383,46,53,6
1384,46,54,4
1385,46,55,5
1386,46,70,3
1387,47,4,4
1388,47,5,3
1389,47,16,3
1390,47,18,4
1391,47,20,3
1392,47,21,5
1393,47,23,6
1394,47,25,5
1395,47,26,6
1396,47,27,7
1397,47,29,4
1398,47,30,3
1399,47,31,3
1400,47,32,3
1401,47,33,7
1402,47,36,4
1403,47,39,7
1404,47,42,4
1405,47,43,3
1406,47,45,3
1407,47,48,4
1408,47,49,4
1409,47,51,4
1410,47,54,3
1411,47,55,3
1412,48,0,3
1413,48,4,6
1414,48,9,3
1415,48,11,4
1416,48,12,4
1417,48,15,5
1418,48,16,4
1419,48,18,5
1420,48,19,4
1421,48,20,6
1422,48,21,3
1423,48,23,7
1424,48,26,3
1425,48,28,4
1426,48,31,6
1427,48,33,3
1428,48,35,3
1429,48,36,3
1430,48,38,3
1431,48,39,3
1432,48,41,5
1433,48,46,4
1434,48,49,3
1435,48,54,3
1436,49,0,3
1437,49,1,3
1438,49,4,7
1439,49,5,4
1440,49,6,4
1441,49,7,3
1442,49,8,5
1443,49,9,5
1444,49,12,4
1445,49,13,6
1446,49,14,5
1447,49,16,6
1448,49,17,6
1449,49,18,3
1450,49,19,4
1451,49,21,5
1452,49,22,6
1453,49,23,3
1454,49,24,4
1455,49,25,4
1456,49,27,4
1457,49,28,7
1458,49,29,6
1459,49,30,6
1460,49,31,6
1461,49,32,3
1462,49,33,6
1463,49,34,3
1464,49,36,4
1465,49,37,3
1466,49,38,4
1467,49,39,6
1468,49,41,4
1469,49,42,6
1470,49,43,4
1471,49,44,6
1472,49,50,4
1473,49,51,5
1474,49,54,3
1475,49,55,3
1476,50,1,7
1477,50,2,3
1478,50,3,4
1479,50,5,6
1480,50,6,4
1481,50,7,3
1482,50,8,6
1483,50,9,8
1484,50,10,4
1485,50,11,7
1486,50,12,4
1487,50,13,8
1488,50,14,4
1489,50,15,3
1490,50,16,4
1491,50,17,4
1492,50,18,8
1493,50,19,3
1494,50,20,4
1495,50,21,4
1496,50,23,9
1497,50,24,7
1498,50,25,7
1499,50,26,4
1500,50,28,5
1501,50,29,7
1502,50,30,4
1503,50,31,6
1504,50,32,7
1505,50,33,6
1506,50,34,3
1507,50,36,6
1508,50,38,3
1509,50,39,6
1510,50,40,4
1511,50,41,3
1512,50,43,4
1513,50,44,4
1514,50,46,4
1515,50,47,6
1516,50,48,7
1517,50,49,8
1518,50,51,4
1519,50,52,3
1520,50,53,5
1521,50,54,9
1522,50,55,6
1523,50,94,3
1524,51,4,3
1525,51,10,3
1526,51,11,3
1527,51,15,4
1528,51,16,3
1529,51,17,3
1530,51,23,3
1531,51,24,6
1532,51,26,4
1533,51,32,3
1534,51,33,4
1535,51,36,3
1536,51,40,5
1537,51,41,4
1538,51,43,4
1539,51,48,5
1540,51,49,5
1541,52,3,5
1542,52,4,5
1543,52,6,3
1544,52,7,3
1545,52,9,6
1546,52,12,4
1547,52,20,3
1548,52,21,4
1549,52,23,6
1550,52,24,5
1551,52,25,4
1552,52,26,4
1553,52,29,4
1554,52,31,4
1555,52,33,4
1556,52,34,4
1557,52,39,6
1558,52,40,3
1559,52,41,3
1560,52,47,3
1561,52,48,3
1562,52,50,3
1563,52,55,3
1564,52,98,5
1565,53,0,5
1566,53,1,4
1567,53,2,4
1568,53,3,3
1569,53,4,4
1570,53,5,6
1571,53,7,5
1572,53,9,16
1573,53,10,8
1574,53,11,5
1575,53,12,8
1576,53,13,7
1577,53,14,11
1578,53,15,7
1579,53,16,13
1580,53,17,4
1581,53,18,7
1582,53,19,7
1583,53,20,3
1584,53,21,3
1585,53,22,5
1586,53,23,10
1587,53,24,11
1588,53,25,4
1589,53,26,4
1590,53,27,8
1591,53,28,7
1592,53,29,3
1593,53,30,4
1594,53,31,9
1595,53,33,12
1596,53,34,4
1597,53,35,5
1598,53,36,8
1599,53,37,4
1600,53,38,7
1601,53,39,11
1602,53,40,8
1603,53,41,5
1604,53,42,7
1605,53,43,4
1606,53,44,4
1607,53,45,8
1608,53,46,3
1609,53,47,4
1610,53,48,5
1611,53,49,8
1612,53,51,11
1613,53,52,3
1614,53,54,8
1615,53,55,4
1616,54,3,4
1617,54,5,4
1618,54,9,3
1619,54,13,4
1620,54,14,4
1621,54,16,3
1622,54,23,3
1623,54,25,4
1624,54,27,4
1625,54,28,4
1626,54,29,3
1627,54,30,4
1628,54,31,6
1629,54,33,3
1630,54,34,5
1631,54,36,3
1632,54,38,3
1633,54,39,7
1634,54,41,3
1635,54,45,3
1636,54,49,4
1637,54,51,7
1638,55,1,4
1639,55,2,5
1640,55,3,4
1641,55,4,4
1642,55,7,3
1643,55,8,3
1644,55,9,6
1645,55,10,6
1646,55,11,3
1647,55,12,4
1648,55,13,5
1649,55,14,4
1650,55,15,4
1651,55,16,5
1652,55,18,5
1653,55,19,3
1654,55,21,11
1655,55,23,6
1656,55,24,5
1657,55,26,4
1658,55,27,5
1659,55,29,3
1660,55,31,5
1661,55,33,9
1662,55,34,6
1663,55,35,3
1664,55,36,5
1665,55,37,7
1666,55,38,3
1667,55,39,3
1668,55,40,4
1669,55,43,7
1670,55,46,3
1671,55,47,4
1672,55,48,3
1673,55,49,3
1674,55,51,7
1675,55,53,3
1676,55,54,3
1677,56,58,4
1678,56,59,4
1679,56,60,4
1680,56,61,6
1681,56,62,9
1682,56,63,20
1683,56,65,8
1684,56,66,6
1685,56,67,63
1686,56,69,8
1687,56,70,3
1688,56,71,7
1689,56,72,4
1690,56,74,8
1691,56,75,4
1692,56,77,6
1693,56,79,4
1694,56,80,9
1695,56,81,4
1696,56,82,5
1697,56,84,5
1698,56,85,3
1699,56,86,5
1700,56,88,5
1701,56,89,3
1702,56,90,4
1703,56,93,6
1704,56,94,5
1705,56,95,3
1706,56,98,7
1707,56,99,22
1708,57,58,5
1709,57,59,3
1710,57,60,3
1711,57,61,6
1712,57,67,5
1713,57,69,3
1714,57,71,4
1715,57,72,3
1716,57,74,4
1717,57,76,3
1718,57,80,7
1719,57,85,4
1720,57,89,5
1721,57,90,3
1722,57,91,3
1723,57,93,4
1724,57,94,4
1725,57,95,3
1726,57,97,7
1727,57,98,4
1728,57,99,5
1729,58,63,3
1730,58,65,4
1731,58,67,7
1732,58,68,5
1733,58,69,3
1734,58,70,3
1735,58,73,4
1736,58,76,4
1737,58,77,4
1738,58,80,5
1739,58,81,3
1740,58,82,3
1741,58,85,3
1742,58,88,3
1743,58,90,3
1744,58,93,4
1745,58,95,3
1746,58,97,3
1747,58,98,4
1748,58,99,3
1749,59,57,4
1750,59,61,3
1751,59,62,4
1752,59,63,3
1753,59,66,6
1754,59,67,5
1755,59,69,6
1756,59,71,3
1757,59,74,8
1758,59,77,4
1759,59,78,3
1760,59,80,6
1761,59,84,4
1762,59,88,4
1763,59,90,3
1764,59,92,5
1765,59,93,5
1766,59,94,6
1767,59,95,3
1768,59,97,6
1769,59,98,3
1770,60,58,3
1771,60,59,6
1772,60,61,6
1773,60,62,5
1774,60,64,4
1775,60,65,4
1776,60,67,10
1777,60,68,5
1778,60,69,8
1779,60,70,3
1780,60,71,4
1781,60,72,5
1782,60,74,6
1783,60,77,3
1784,60,81,4
1785,60,82,4
1786,60,83,5
1787,60,88,5
1788,60,92,4
1789,60,93,4
1790,60,94,6
1791,60,96,4
1792,60,98,11
1793,60,99,3
1794,61,56,3
1795,61,57,8
1796,61,58,4
1797,61,59,4
1798,61,63,5
1799,61,65,7
1800,61,66,5
1801,61,67,5
1802,61,69,9
1803,61,71,3
1804,61,74,5
1805,61,75,3
1806,61,77,6
1807,61,80,7
1808,61,84,3
1809,61,85,3
1810,61,87,4
1811,61,90,3
1812,61,92,3
1813,61,94,4
1814,61,98,3
1815,61,99,3
1816,62,56,3
1817,62,58,3
1818,62,59,3
1819,62,60,3
1820,62,61,7
1821,62,64,6
1822,62,65,5
1823,62,66,6
1824,62,67,10
1825,62,68,10
1826,62,69,8
1827,62,70,5
1828,62,71,4
1829,62,72,3
1830,62,74,3
1831,62,75,6
1832,62,76,6
1833,62,79,3
1834,62,80,11
1835,62,81,4
1836,62,82,5
1837,62,83,4
1838,62,84,4
1839,62,86,5
1840,62,87,3
1841,62,89,4
1842,62,90,8
1843,62,91,6
1844,62,92,4
1845,62,93,9
1846,62,94,7
1847,62,96,4
1848,62,97,5
1849,62,98,13
1850,62,99,3
1851,63,52,3
1852,63,58,4
1853,63,59,4
1854,63,60,5
1855,63,61,7
1856,63,65,3
1857,63,66,3
1858,63,67,8
1859,63,69,8
1860,63,70,3
1861,63,71,3
1862,63,72,3
1863,63,74,3
1864,63,77,4
1865,63,79,5
1866,63,80,5
1867,63,82,3
1868,63,90,5
1869,63,92,4
1870,63,94,3
1871,63,95,3
1872,63,96,3
1873,63,97,6
1874,63,98,7
1875,63,99,4
1876,64,24,3
1877,64,59,3
1878,64,61,3
1879,64,62,4
1880,64,63,4
1881,64,66,5
1882,64,67,6
1883,64,71,3
1884,64,74,7
1885,64,80,8
1886,64,82,4
1887,64,84,4
1888,64,85,3
1889,64,88,5
1890,64,94,6
1891,64,95,3
1892,64,98,3
1893,64,99,3
1894,65,10,3
1895,65,33,3
1896,65,38,3
1897,65,49,3
1898,65,51,4
1899,65,56,5
1900,65,57,4
1901,65,58,5
1902,65,59,6
1903,65,60,8
1904,65,61,6
1905,65,63,8
1906,65,66,7
1907,65,67,15
1908,65,68,6
1909,65,69,13
1910,65,70,5
1911,65,71,8
1912,65,72,7
1913,65,73,3
1914,65,74,13
1915,65,75,6
1916,65,76,4
1917,65,77,7
1918,65,78,4
1919,65,79,7
1920,65,80,28
1921,65,82,5
1922,65,83,6
1923,65,84,8
1924,65,85,5
1925,65,87,5
1926,65,88,6
1927,65,89,7
1928,65,90,14
1929,65,91,9
1930,65,93,3
1931,65,94,7
1932,65,95,6
1933,65,96,5
1934,65,97,12
1935,65,98,17
1936,65,99,4
1937,66,57,4
1938,66,59,7
1939,66,60,3
1940,66,62,5
1941,66,67,8
1942,66,68,3
1943,66,69,8
1944,66,71,7
1945,66,72,3
1946,66,74,6
1947,66,77,3
1948,66,78,3
1949,66,79,4
1950,66,80,10
1951,66,81,3
1952,66,84,4
1953,66,85,3
1954,66,86,3
1955,66,88,3
1956,66,90,7
1957,66,91,6
1958,66,93,5
1959,66,94,4
1960,66,97,3
1961,66,98,6
1962,66,99,3
1963,67,5,3
1964,67,57,3
1965,67,59,4
1966,67,60,3
1967,67,61,5
1968,67,62,3
1969,67,66,5
1970,67,69,5
1971,67,71,4
1972,67,72,3
1973,67,74,4
1974,67,76,7
1975,67,78,5
1976,67,80,9
1977,67,82,4
1978,67,83,3
1979,67,84,7
1980,67,86,3
1981,67,88,3
1982,67,89,7
1983,67,91,9
1984,67,93,3
1985,67,94,6
1986,67,95,7
1987,67,96,3
1988,67,98,10
1989,68,57,5
1990,68,58,4
1991,68,61,4
1992,68,62,3
1993,68,63,4
1994,68,65,6
1995,68,67,13
1996,68,69,9
1997,68,71,3
1998,68,73,4
1999,68,74,5
2000,68,77,8
2001,68,79,3
2002,68,80,5
2003,68,81,5
2004,68,84,6
2005,68,86,4
2006,68,90,4
2007,68,91,5
2008,68,92,4
2009,68,93,7
2010,68,94,8
2011,68,95,4
2012,68,98,14
2013,68,99,4
2014,69,1,3
2015,69,3,5
2016,69,7,4
2017,69,12,3
2018,69,18,4
2019,69,19,4
2020,69,25,3
2021,69,27,3
2022,69,32,3
2023,69,33,3
2024,69,36,3
2025,69,39,3
2026,69,41,4
2027,69,42,4
2028,69,49,3
2029,69,52,3
2030,69,56,20
2031,69,57,12
2032,69,58,9
2033,69,59,18
2034,69,60,16
2035,69,61,26
2036,69,62,15
2037,69,63,10
2038,69,64,12
2039,69,65,15
2040,69,66,29
2041,69,67,36
2042,69,68,13
2043,69,70,16
2044,69,71,18
2045,69,72,14
2046,69,73,12
2047,69,74,24
2048,69,75,12
2049,69,76,20
2050,69,77,19
2051,69,78,20
2052,69,79,17
2053,69,80,43
2054,69,81,11
2055,69,82,13
2056,69,83,22
2057,69,84,14
2058,69,85,10
2059,69,86,21
2060,69,87,9
2061,69,88,7
2062,69,89,8
2063,69,90,17
2064,69,91,10
2065,69,92,12
2066,69,93,14
2067,69,94,16
2068,69,95,18
2069,69,96,18
2070,69,97,15
2071,69,98,52
2072,69,99,6
2073,70,56,6
2074,70,57,3
2075,70,61,5
2076,70,62,5
2077,70,63,15
2078,70,66,4
2079,70,67,24
2080,70,68,3
2081,70,69,4
2082,70,72,3
2083,70,73,7
2084,70,74,7
2085,70,78,3
2086,70,79,3
2087,70,80,4
2088,70,82,4
2089,70,86,4
2090,70,89,5
2091,70,91,4
2092,70,92,4
2093,70,93,4
2094,70,94,6
2095,70,96,3
2096,70,97,3
2097,70,98,11
2098,70,99,14
2099,71,59,3
2100,71,61,4
2101,71,63,3
2102,71,66,5
2103,71,67,11
2104,71,69,5
2105,71,72,3
2106,71,73,4
2107,71,74,8
2108,71,76,7
2109,71,77,3
2110,71,80,5
2111,71,83,3
2112,71,86,3
2113,71,90,7
2114,71,92,3
2115,71,94,4
2116,71,97,3
2117,71,98,11
2118,72,33,3
2119,72,57,5
2120,72,58,7
2121,72,61,8
2122,72,62,5
2123,72,64,3
2124,72,65,4
2125,72,66,6
2126,72,67,9
2127,72,69,8
2128,72,70,4
2129,72,71,5
2130,72,74,5
2131,72,76,7
2132,72,77,4
2133,72,78,4
2134,72,79,5
2135,72,80,13
2136,72,82,5
2137,72,83,24
2138,72,84,5
2139,72,85,6
2140,72,90,17
2141,72,91,7
2142,72,92,4
2143,72,93,4
2144,72,94,3
2145,72,95,6
2146,72,96,10
2147,72,98,16
2148,72,99,3
2149,73,16,3
2150,73,56,10
2151,73,59,5
2152,73,60,3
2153,73,61,6
2154,73,63,9
2155,73,64,3
2156,73,65,6
2157,73,66,6
2158,73,67,8
2159,73,68,6
2160,73,69,10
2161,73,70,3
2162,73,71,11
2163,73,72,4
2164,73,74,7
2165,73,76,4
2166,73,77,5
2167,73,78,3
2168,73,79,5
2169,73,80,16
2170,73,81,4
2171,73,82,5
2172,73,83,7
2173,73,84,9
2174,73,85,5
2175,73,86,3
2176,73,88,6
2177,73,89,3
2178,73,90,9
2179,73,91,4
2180,73,92,4
2181,73,93,6
2182,73,94,4
2183,73,95,3
2184,73,97,4
2185,73,98,14
2186,74,24,4
2187,74,56,4
2188,74,58,4
2189,74,59,5
2190,74,60,5
2191,74,61,6
2192,74,62,5
2193,74,63,5
2194,74,64,4
2195,74,66,11
2196,74,67,17
2197,74,68,6
2198,74,69,9
2199,74,70,10
2200,74,71,8
2201,74,72,4
2202,74,73,5
2203,74,75,3
2204,74,77,7
2205,74,78,3
2206,74,79,5
2207,74,80,16
2208,74,81,9
2209,74,82,4
2210,74,83,7
2211,74,84,6
2212,74,85,5
2213,74,86,3
2214,74,88,4
2215,74,89,3
2216,74,90,7
2217,74,91,10
2218,74,92,4
2219,74,93,6
2220,74,94,9
2221,74,95,5
2222,74,97,3
2223,74,98,13
2224,74,99,5
2225,75,58,4
2226,75,59,3
2227,75,60,3
2228,75,61,5
2229,75,67,5
2230,75,69,3
2231,75,70,3
2232,75,71,3
2233,75,72,9
2234,75,73,3
2235,75,74,6
2236,75,76,4
2237,75,77,3
2238,75,80,4
2239,75,81,3
2240,75,84,5
2241,75,87,3
2242,75,91,3
2243,75,92,5
2244,75,97,3
2245,75,98,11
2246,76,58,3
2247,76,59,4
2248,76,60,3
2249,76,61,4
2250,76,65,5
2251,76,67,10
2252,76,68,3
2253,76,69,4
2254,76,71,3
2255,76,72,4
2256,76,73,3
2257,76,77,4
2258,76,78,5
2259,76,80,4
2260,76,81,4
2261,76,88,4
2262,76,89,3
2263,76,90,5
2264,76,91,4
2265,76,92,5
2266,76,93,3
2267,76,94,5
2268,76,98,9
2269,77,56,4
2270,77,57,3
2271,77,58,5
2272,77,59,6
2273,77,60,4
2274,77,61,6
2275,77,62,5
2276,77,65,3
2277,77,67,12
2278,77,69,7
2279,77,71,4
2280,77,73,7
2281,77,74,8
2282,77,76,3
2283,77,79,6
2284,77,80,8
2285,77,81,3
2286,77,82,4
2287,77,85,4
2288,77,88,3
2289,77,90,4
2290,77,91,6
2291,77,92,3
2292,77,94,7
2293,77,97,3
2294,77,98,9
2295,77,99,4
2296,78,17,3
2297,78,26,3
2298,78,41,3
2299,78,56,4
2300,78,61,3
2301,78,66,3
2302,78,67,6
2303,78,69,6
2304,78,74,9
2305,78,77,5
2306,78,80,6
2307,78,87,3
2308,78,88,3
2309,78,89,4
2310,78,93,3
2311,78,94,3
2312,78,97,3
2313,78,98,7
2314,79,56,7
2315,79,58,3
2316,79,59,5
2317,79,60,3
2318,79,61,7
2319,79,62,4
2320,79,64,3
2321,79,65,7
2322,79,66,3
2323,79,67,8
2324,79,69,5
2325,79,72,4
2326,79,74,10
2327,79,77,3
2328,79,78,3
2329,79,80,5
2330,79,82,5
2331,79,84,3
2332,79,85,3
2333,79,86,5
2334,79,87,3
2335,79,89,5
2336,79,90,6
2337,79,91,6
2338,79,92,3
2339,79,93,3
2340,79,94,6
2341,79,98,3
2342,79,99,3
2343,80,56,4
2344,80,59,4
2345,80,60,4
2346,80,61,6
2347,80,62,5
2348,80,63,5
2349,80,66,3
2350,80,67,14
2351,80,68,7
2352,80,69,3
2353,80,71,4
2354,80,74,4
2355,80,75,3
2356,80,77,3
2357,80,78,4
2358,80,79,6
2359,80,81,3
2360,80,82,4
2361,80,85,5
2362,80,86,3
2363,80,87,5
2364,80,88,3
2365,80,91,3
2366,80,93,5
2367,80,94,6
2368,80,95,4
2369,80,97,4
2370,80,98,15
2371,80,99,5
2372,81,56,3
2373,81,58,3
2374,81,59,5
2375,81,63,3
2376,81,64,4
2377,81,65,3
2378,81,66,3
2379,81,67,12
2380,81,69,6
2381,81,70,3
2382,81,71,8
2383,81,73,4
2384,81,74,9
2385,81,76,6
2386,81,78,4
2387,81,79,4
2388,81,80,6
2389,81,83,4
2390,81,84,3
2391,81,85,4
2392,81,86,5
2393,81,87,5
2394,81,88,3
2395,81,89,3
2396,81,90,3
2397,81,91,8
2398,81,93,5
2399,81,94,3
2400,81,95,5
2401,81,97,5
2402,81,98,16
2403,81,99,3
2404,82,56,4
2405,82,59,3
2406,82,61,4
2407,82,66,3
2408,82,67,9
2409,82,69,7
2410,82,71,3
2411,82,72,4
2412,82,73,3
2413,82,80,5
2414,82,81,3
2415,82,84,5
2416,82,85,3
2417,82,87,5
2418,82,89,3
2419,82,91,3
2420,82,93,3
2421,82,94,4
2422,82,97,3
2423,82,98,8
2424,83,4,4
2425,83,18,3
2426,83,23,3
2427,83,28,3
2428,83,31,4
2429,83,43,3
2430,83,52,3
2431,83,56,6
2432,83,57,3
2433,83,58,6
2434,83,59,15
2435,83,60,6
2436,83,61,12
2437,83,62,9
2438,83,64,4
2439,83,65,3
2440,83,66,14
2441,83,67,20
2442,83,68,6
2443,83,69,14
2444,83,70,7
2445,83,71,8
2446,83,72,4
2447,83,73,4
2448,83,74,18
2449,83,75,7
2450,83,76,9
2451,83,77,11
2452,83,78,9
2453,83,79,6
2454,83,80,11
2455,83,81,6
2456,83,82,8
2457,83,84,11
2458,83,85,6
2459,83,86,6
2460,83,87,10
2461,83,88,9
2462,83,89,5
2463,83,90,7
2464,83,91,9
2465,83,92,9
2466,83,93,13
2467,83,94,16
2468,83,95,7
2469,83,96,8
2470,83,97,8
2471,83,98,24
2472,83,99,9
2473,84,56,3
2474,84,59,3
2475,84,60,3
2476,84,61,7
2477,84,62,5
2478,84,64,6
2479,84,66,3
2480,84,67,8
2481,84,69,9
2482,84,70,5
2483,84,71,4
2484,84,72,3
2485,84,76,4
2486,84,80,3
2487,84,81,6
2488,84,82,3
2489,84,83,3
2490,84,85,4
2491,84,86,5
2492,84,90,4
2493,84,92,5
2494,84,94,5
2495,84,95,3
2496,84,96,4
2497,84,97,5
2498,84,98,8
2499,85,56,4
2500,85,59,3
2501,85,60,4
2502,85,61,5
2503,85,62,3
2504,85,64,3
2505,85,65,3
2506,85,66,3
2507,85,67,9
2508,85,69,8
2509,85,70,3
2510,85,74,6
2511,85,77,4
2512,85,79,3
2513,85,80,4
2514,85,81,3
2515,85,82,3
2516,85,83,4
2517,85,87,3
2518,85,93,3
2519,85,97,4
2520,85,98,8
2521,86,34,4
2522,86,56,6
2523,86,57,3
2524,86,59,4
2525,86,61,4
2526,86,64,8
2527,86,65,4
2528,86,66,8
2529,86,67,8
2530,86,69,12
2531,86,70,3
2532,86,71,4
2533,86,72,7
2534,86,73,5
2535,86,74,5
2536,86,75,3
2537,86,76,3
2538,86,78,4
2539,86,79,4
2540,86,80,6
2541,86,83,4
2542,86,84,5
2543,86,85,6
2544,86,90,5
2545,86,91,8
2546,86,92,3
2547,86,93,6
2548,86,94,6
2549,86,95,3
2550,86,97,5
2551,86,98,13
2552,86,99,5
2553,87,18,4
2554,87,44,3
2555,87,56,7
2556,87,57,7
2557,87,58,6
2558,87,59,11
2559,87,60,3
2560,87,61,13
2561,87,62,4
2562,87,64,5
2563,87,67,10
2564,87,68,5
2565,87,69,16
2566,87,70,4
2567,87,71,4
2568,87,72,5
2569,87,73,6
2570,87,74,5
2571,87,75,8
2572,87,76,4
2573,87,77,4
2574,87,78,3
2575,87,80,15
2576,87,81,4
2577,87,82,4
2578,87,83,4
2579,87,84,4
2580,87,85,6
2581,87,86,9
2582,87,88,3
2583,87,90,4
2584,87,91,6
2585,87,92,6
2586,87,93,4
2587,87,94,6
2588,87,95,5
2589,87,96,3
2590,87,98,16
2591,87,99,4
2592,88,47,3
2593,88,56,9
2594,88,57,3
2595,88,58,4
2596,88,59,8
2597,88,60,7
2598,88,61,8
2599,88,62,8
2600,88,63,4
2601,88,65,3
2602,88,66,4
2603,88,67,9
2604,88,68,9
2605,88,69,6
2606,88,70,6
2607,88,71,5
2608,88,73,8
2609,88,74,4
2610,88,75,5
2611,88,77,3
2612,88,78,3
2613,88,80,5
2614,88,81,5
2615,88,82,4
2616,88,83,6
2617,88,84,11
2618,88,85,5
2619,88,87,3
2620,88,90,6
2621,88,91,6
2622,88,92,4
2623,88,94,7
2624,88,95,5
2625,88,96,5
2626,88,97,3
2627,88,98,15
2628,88,99,7
2629,89,57,5
2630,89,58,3
2631,89,59,4
2632,89,61,4
2633,89,65,4
2634,89,66,9
2635,89,67,9
2636,89,69,3
2637,89,70,4
2638,89,71,5
2639,89,74,4
2640,89,75,3
2641,89,76,4
2642,89,78,6
2643,89,80,9
2644,89,81,4
2645,89,82,4
2646,89,85,4
2647,89,86,6
2648,89,88,6
2649,89,90,3
2650,89,91,3
2651,89,92,3
2652,89,96,3
2653,89,98,18
2654,90,7,3
2655,90,13,3
2656,90,56,4
2657,90,59,6
2658,90,61,10
2659,90,62,5
2660,90,63,5
2661,90,66,6
2662,90,67,7
2663,90,69,6
2664,90,71,4
2665,90,72,3
2666,90,78,3
2667,90,79,6
2668,90,80,3
2669,90,81,4
2670,90,83,3
2671,90,84,4
2672,90,85,4
2673,90,91,5
2674,90,92,3
2675,90,93,6
2676,90,97,4
2677,90,98,4
2678,91,33,3
2679,91,56,3
2680,91,59,3
2681,91,61,4
2682,91,66,3
2683,91,67,13
2684,91,69,4
2685,91,70,4
2686,91,74,9
2687,91,76,3
2688,91,77,3
2689,91,79,4
2690,91,80,5
2691,91,82,3
2692,91,86,3
2693,91,87,4
2694,91,89,3
2695,91,92,3
2696,91,94,4
2697,91,97,3
2698,91,98,6
2699,92,57,4
2700,92,59,5
2701,92,61,7
2702,92,62,6
2703,92,63,4
2704,92,66,5
2705,92,67,11
2706,92,69,5
2707,92,72,3
2708,92,74,4
2709,92,75,4
2710,92,76,4
2711,92,77,4
2712,92,80,7
2713,92,81,3
2714,92,82,3
2715,92,84,3
2716,92,85,4
2717,92,87,3
2718,92,90,3
2719,92,91,7
2720,92,94,8
2721,92,97,3
2722,92,98,12
2723,93,56,3
2724,93,57,3
2725,93,58,3
2726,93,59,7
2727,93,60,3
2728,93,61,5
2729,93,62,4
2730,93,66,4
2731,93,67,9
2732,93,69,8
2733,93,71,3
2734,93,73,4
2735,93,74,8
2736,93,75,6
2737,93,76,4
2738,93,77,6
2739,93,79,5
2740,93,80,13
2741,93,82,3
2742,93,85,6
2743,93,90,4
2744,93,91,4
2745,93,92,5
2746,93,94,3
2747,93,97,5
2748,93,98,9
2749,93,99,3
2750,94,56,5
2751,94,57,4
2752,94,58,3
2753,94,59,6
2754,94,61,3
2755,94,62,3
2756,94,63,4
2757,94,65,3
2758,94,66,10
2759,94,67,13
2760,94,68,8
2761,94,69,12
2762,94,70,10
2763,94,71,7
2764,94,74,5
2765,94,75,4
2766,94,76,5
2767,94,78,4
2768,94,79,4
2769,94,80,6
2770,94,82,7
2771,94,83,18
2772,94,84,5
2773,94,85,4
2774,94,87,3
2775,94,88,4
2776,94,89,7
2777,94,90,22
2778,94,91,3
2779,94,92,3
2780,94,93,3
2781,94,96,15
2782,94,98,14
2783,95,56,5
2784,95,57,3
2785,95,58,3
2786,95,61,7
2787,95,62,5
2788,95,64,3
2789,95,65,3
2790,95,66,7
2791,95,67,9
2792,95,69,4
2793,95,74,6
2794,95,76,6
2795,95,78,3
2796,95,80,9
2797,95,81,5
2798,95,82,4
2799,95,83,6
2800,95,86,3
2801,95,87,6
2802,95,88,4
2803,95,92,6
2804,95,93,5
2805,95,96,3
2806,95,98,3
2807,95,99,5
2808,96,56,7
2809,96,59,5
2810,96,60,5
2811,96,61,3
2812,96,62,9
2813,96,65,5
2814,96,66,5
2815,96,67,7
2816,96,68,4
2817,96,69,11
2818,96,70,7
2819,96,71,4
2820,96,72,4
2821,96,73,5
2822,96,74,9
2823,96,75,8
2824,96,76,5
2825,96,77,8
2826,96,78,7
2827,96,79,4
2828,96,80,11
2829,96,81,5
2830,96,82,6
2831,96,83,5
2832,96,84,5
2833,96,85,4
2834,96,86,8
2835,96,87,4
2836,96,90,8
2837,96,92,5
2838,96,93,4
2839,96,94,6
2840,96,95,5
2841,96,97,5
2842,96,98,15
2843,96,99,3
2844,97,12,3
2845,97,29,3
2846,97,58,4
2847,97,59,5
2848,97,61,5
2849,97,63,4
2850,97,65,3
2851,97,66,7
2852,97,67,6
2853,97,68,4
2854,97,69,3
2855,97,71,3
2856,97,74,4
2857,97,75,3
2858,97,77,5
2859,97,80,4
2860,97,85,4
2861,97,86,4
2862,97,87,4
2863,97,91,6
2864,97,92,3
2865,97,93,6
2866,97,94,7
2867,97,95,5
2868,97,96,3
2869,97,98,7
2870,97,99,4
2871,98,56,3
2872,98,60,3
2873,98,61,4
2874,98,62,3
2875,98,65,4
2876,98,66,3
2877,98,67,7
2878,98,69,3
2879,98,70,3
2880,98,74,6
2881,98,75,6
2882,98,77,3
2883,98,82,5
2884,98,83,3
2885,98,84,3
2886,98,85,3
2887,98,88,5
2888,98,89,4
2889,98,91,3
2890,98,92,4
2891,98,94,5
2892,98,97,4
2893,99,19,3
2894,99,56,4
2895,99,58,3
2896,99,61,5
2897,99,62,3
2898,99,67,6
2899,99,68,3
2900,99,69,5
2901,99,70,6
2902,99,72,5
2903,99,73,3
2904,99,74,5
2905,99,76,3
2906,99,77,5
2907,99,80,5
2908,99,81,4
2909,99,83,5
2910,99,84,4
2911,99,85,3
2912,99,88,3
2913,99,89,3
2914,99,90,6
2915,99,91,3
2916,99,93,3
2917,99,94,6
2918,99,95,3
2919,99,98,7
